Ward Code,Ward Name,Population Estimate (2018),Population Density (km2),Mean_Annual_Household_Income,Median_Annual_Household_Income,Percentage of Buildings,Percentage of Greenspace,Employment rate (16-64) - 2011
E05000026,Abbey,15297,11960.1251,37870,33140,20.30692446,19.84824809,60.3
E05000027,Alibon,11266,8277.736958,36290,31670,14.0426564,22.91568674,63.1
E05000028,Becontree,15088,11750.77882,36930,32270,18.63477749,5.874926485,61.2
E05000029,Chadwell Heath,11210,3316.568047,37910,33170,6.939165206,64.31554119,63.6
E05000030,Eastbrook,11100,3213.665316,41820,36660,10.98834012,45.75201795,68.2
E05000031,Eastbury,12336,8537.024221,36760,32110,15.95459929,15.7642887,61.5
E05000032,Gascoigne,14685,12949.73545,33270,28790,20.37457586,19.56504315,56.4
E05000033,Goresbrook,12487,9755.46875,37060,32400,15.22238431,19.13622397,63.6
E05000034,Heath,11995,5982.543641,35160,30610,12.17703661,39.92153557,61.4
E05000035,Longbridge,12318,7510.97561,45680,39940,16.31898974,22.43822663,65.2
E05000036,Mayesbrook,11433,6176.661264,35360,30800,10.69142614,35.79801328,61.9
E05000037,Parsloes,10536,8476.267096,35680,31100,15.09459786,20.36873038,61.5
E05000038,River,12003,3379.222973,37420,32720,21.26302676,16.84655455,64.2
E05000039,Thames,15521,1968.670726,36470,31850,12.56702512,41.59280657,60.5
E05000040,Valence,11685,9037.12297,37030,32360,17.29662756,17.15336663,63.1
E05000041,Village,11350,5303.738318,35810,31230,10.28072046,46.47812884,61.7
E05000042,Whalebone,12463,8019.94852,41660,36520,21.1692415,16.91575077,67.5
E05000043,Brunswick Park,16880,5318.21046,52420,39130,13.49709175,27.89918069,71.4
E05000044,Burnt Oak,20155,9765.01938,38100,28800,14.58874145,24.68373094,63.7
E05000045,Childs Hill,22395,7249.919068,51310,38380,17.07684611,13.73406304,67.9
E05000046,Colindale,27507,10411.43073,39120,29600,18.22886954,31.81279087,61.9
E05000047,Coppetts,17966,6605.147059,50020,37510,14.42828839,32.32658272,71.5
E05000048,East Barnet,16965,4521.588486,52390,39120,11.56251153,35.75887467,71.5
E05000049,East Finchley,17326,6864.500792,54290,40380,13.78600415,39.47018712,74.9
E05000050,Edgware,20359,3661.690647,50630,37920,8.473415809,53.08774708,69
E05000051,Finchley Church End,16980,6267.99557,60390,44300,16.96740901,16.99363547,72.6
E05000052,Garden Suburb,16806,3552.314521,73350,52090,12.29484467,28.01309588,73.1
E05000053,Golders Green,21036,7063.801209,53960,40160,18.04435412,18.64799224,66.7
E05000054,Hale,18483,3408.889709,50600,37900,7.375996416,52.65256595,70.7
E05000055,Hendon,20078,7069.71831,50660,37940,16.695292,21.78107872,66.7
E05000056,High Barnet,15925,1916.596462,58570,43150,6.691181859,61.8354679,74.5
E05000057,Mill Hill,21277,2266.645361,55650,41270,6.65871951,61.53590386,70.5
E05000058,Oakleigh,16777,5057.88363,55110,40920,13.52118856,17.78571342,73.4
E05000059,Totteridge,16768,1912.408759,62210,45440,5.86842936,63.07915606,71.6
E05000060,Underhill,16534,3632.249561,48290,36310,8.938545006,48.61524254,68.3
E05000061,West Finchley,17712,8196.20546,55800,41370,19.09635891,15.82684126,74.2
E05000062,West Hendon,20366,5944.54174,45740,34510,13.58656368,30.05549681,67.2
E05000063,Woodhouse,18755,7180.321593,50140,37590,17.12277342,21.81995786,72
E05000064,Barnehurst,11114,3872.473868,44910,37410,10.51780781,38.35637914,75.8
E05000065,Belvedere,13644,4316.355584,39170,32820,15.75054473,31.86203872,70.4
E05000066,Blackfen and Lamorbey,11053,6551.86722,48210,39920,17.36429019,9.538332985,77.3
E05000067,Blendon and Penhill,11142,5310.772164,47700,39540,15.1477144,14.12924585,78.2
E05000068,Brampton,10933,5541.307653,48320,40000,15.12736992,10.91981767,76.6
E05000069,Christchurch,11788,4626.373626,47540,39420,17.81048635,19.36669294,77
E05000070,Colyers,10682,6509.44546,40140,33620,14.22532351,15.7587393,70.2
E05000071,Crayford,13656,3441.532258,40770,34130,12.35909581,45.30369349,73.2
E05000072,Cray Meadows,12123,1687.5,41670,34860,6.212129528,66.86786498,71.4
E05000073,Danson Park,11463,4220.544919,45390,37780,12.17826069,33.27806788,75
E05000074,East Wickham,11396,5254.034117,42550,35560,12.48726186,29.66810004,73.5
E05000075,Erith,14251,2996.425568,38810,32520,4.864562508,7.377499102,67.6
E05000076,Falconwood and Welling,11053,6638.438438,45980,38240,17.36209846,5.662457527,76.2
E05000077,Lesnes Abbey,12180,5139.240506,41600,34800,10.51148396,37.90189673,69.7
E05000078,Longlands,10904,4206.790123,48470,40120,12.61382929,34.43046766,75.4
E05000079,North End,13088,2300.580067,35040,29310,8.623728726,53.98981907,63.3
E05000080,Northumberland Heath,10944,6207.600681,43670,36450,15.97994913,15.96575685,73.6
E05000081,St. Mary's,11555,2608.94107,52540,43100,8.380657258,44.27655585,77.3
E05000082,St. Michael's,11524,7980.609418,45370,37770,16.85205784,8.342602892,75.9
E05000083,Sidcup,12048,4458.919319,49000,40510,14.57151824,29.78059515,74
E05000084,Thamesmead East,13458,2782.30308,37550,31460,7.269047775,53.80301175,62.6
E05000085,Alperton,16987,8254.130224,37810,30740,22.86792788,17.25964318,67.4
E05000086,Barnhill,16600,5579.831933,41930,34060,12.26587032,32.81711383,64.2
E05000087,Brondesbury Park,13629,7914.634146,48850,39310,18.40876437,11.4432703,71.8
E05000088,Dollis Hill,14769,6426.89295,37550,30520,17.245953,19.80777481,61.5
E05000089,Dudden Hill,15964,9491.082045,40580,32990,22.37922021,14.48626318,65.9
E05000090,Fryent,14356,5401.053424,42960,34870,12.41963017,41.98482467,66.5
E05000091,Harlesden,17002,15248.43049,32950,26570,27.27364453,8.518542299,59.3
E05000092,Kensal Green,15421,13756.46744,41890,34030,27.68072536,8.530801373,68.8
E05000093,Kenton,12395,5508.888889,51940,41540,13.4783678,15.74242594,70.3
E05000094,Kilburn,18486,19582.62712,41310,33580,25.96906884,11.30328969,68.9
E05000095,Mapesbury,16375,11746.77188,44870,36340,24.05230466,9.017618716,70.6
E05000096,Northwick Park,12777,4780.022447,50450,40480,12.60438608,29.62398602,67.4
E05000097,Preston,16244,6782.463466,43640,35400,15.97629901,18.14117983,67
E05000098,Queens Park,16140,10839.48959,52600,42010,23.79575066,17.85154349,75.8
E05000099,Queensbury,18677,9110.731707,42580,34580,20.05671741,16.42027404,67.7
E05000100,Stonebridge,19152,4723.057953,31510,25270,23.24285962,22.5931463,54.2
E05000101,Sudbury,16151,7582.629108,40480,32910,13.11279096,33.66982262,67.4
E05000102,Tokyngton,17701,6404.124457,40120,32620,20.74624572,18.89947601,67.5
E05000103,Welsh Harp,14312,6190.311419,38230,31090,13.6972317,22.99812251,64.9
E05000104,Wembley Central,16927,10559.5758,37510,30490,19.53126474,21.71831854,65.6
E05000105,Willesden Green,16794,10855.85003,37990,30880,20.69764325,31.61985718,68.6
E05000106,Bickley,16272,3341.959335,60180,46400,11.72109034,21.96312663,76
E05000107,Biggin Hill,10755,1298.599372,51150,40290,4.919166971,69.54458698,79.2
E05000108,Bromley Common and Keston,17829,2142.651124,50310,39700,6.089918595,59.33800546,73.2
E05000109,Bromley Town,19316,5195.266272,54550,42650,18.22995216,20.44622828,78.6
E05000110,Chelsfield and Pratts Bottom,15300,1217.958924,56560,44010,3.8965248,70.50226985,77.3
E05000111,Chislehurst,16785,1606.373816,58630,45380,6.019833768,59.09143715,75.1
E05000112,Clock House,16787,7408.208297,51850,40790,18.52452626,18.79920598,77.7
E05000113,Copers Cope,16728,5090.687766,54200,42410,15.01541717,23.57224909,79.5
E05000114,Cray Valley East,16584,1248.043347,39600,31690,4.550951212,74.95073428,69.3
E05000115,Cray Valley West,17487,4440.578974,38930,31150,11.66638344,25.78114498,67.4
E05000116,Crystal Palace,13518,5895.333624,41750,33380,10.52085223,37.53571022,69.5
E05000117,Darwin,5556,191.3552609,53730,42090,1.237137572,90.03308159,75
E05000118,Farnborough and Crofton,15203,2173.409578,56080,43680,7.943162956,50.48380173,75.1
E05000119,Hayes and Coney Hall,16648,1539.058889,57600,44700,4.698626123,67.58991698,76.3
E05000120,Kelsey and Eden Park,16810,3232.692308,56250,43800,10.91867383,41.83027147,75.5
E05000121,Mottingham and Chislehurst North,10612,4333.197223,39570,31670,10.26307942,43.58081243,67.9
E05000122,Orpington,15693,3687.265038,47190,37460,12.53281325,22.71761651,72.8
E05000123,Penge and Cator,18278,6181.264795,44270,35300,18.03406248,24.47527821,70.4
E05000124,Petts Wood and Knoll,14458,3360.762436,61970,47560,10.71532259,22.52310891,75.4
E05000125,Plaistow and Sundridge,16440,4117.205109,48980,38760,10.88704954,41.62909461,73.5
E05000126,Shortlands,10414,4240.228013,61150,47030,12.8443543,8.988645065,76.3
E05000127,West Wickham,15261,3458.191706,58550,45330,10.52542154,31.49221711,76.8
E05000128,Belsize,14453,18529.48718,82480,51680,26.44145553,6.498279637,74.4
E05000129,Bloomsbury,12277,12024.4858,60790,39540,45.25591786,8.855228092,51.4
E05000130,Camden Town with Primrose Hill,13955,11968.26758,70100,44960,25.12,12.82107317,69.4
E05000131,Cantelowes,13909,18349.60422,58850,38370,27.07761081,9.259708084,64.3
E05000132,Fortune Green,13593,13525.37313,71890,45970,22.30009745,18.09581935,74.6
E05000133,Frognal and Fitzjohns,13717,8947.814742,97260,59140,22.07189568,7.521765804,69.8
E05000134,Gospel Oak,12799,18522.43126,60290,39240,26.82606794,11.17947223,65.5
E05000135,Hampstead Town,12408,5064.489796,102560,61700,12.63954277,51.52196706,76.6
E05000136,Haverstock,14131,19304.64481,53850,35240,24.87127161,13.12151149,62.9
E05000137,Highgate,12081,3726.403455,73480,46850,8.759824361,57.12304589,70.4
E05000138,Holborn and Covent Garden,14804,12326.39467,60620,39440,47.28562744,8.579066146,61.9
E05000139,Kentish Town,15112,14700.38911,62310,40450,32.17681269,6.794227983,71.3
E05000140,Kilburn,13857,20199.70845,52210,34180,28.3214565,18.00852772,66.8
E05000141,King's Cross,13072,21429.5082,49480,32390,35.24828487,15.19928128,46.1
E05000142,Regent's Park,15458,11450.37037,51560,33760,26.59462525,27.44091286,54.4
E05000143,St. Pancras and Somers Town,18109,12935,45610,29760,27.81422389,24.84940305,53
E05000144,Swiss Cottage,14984,11920.44551,78370,49500,20.94999326,21.89966916,72.3
E05000145,West Hampstead,13918,15691.09357,71130,45540,27.0876868,9.218239939,76.2
E05000146,Addiscombe,18096,11345.45455,45640,37450,24.24448282,9.535388679,74.1
E05000147,Ashburton,14558,5364.03832,46280,37930,14.15885064,25.19716635,71.7
E05000148,Bensham Manor,17150,11860.30429,39980,33000,23.61084891,11.53273341,67.5
E05000149,Broad Green,21494,8059.242595,36900,30460,25.73563509,15.47501008,64.6
E05000150,Coulsdon East,12548,1620.560506,51700,41920,5.592595115,62.16598548,73.9
E05000151,Coulsdon West,15375,3078.078078,57190,45770,9.867254517,28.18185812,75.5
E05000152,Croham,17133,4863.184786,51110,41500,13.13497495,22.79490776,76.5
E05000153,Fairfield,23885,6343.957503,47060,38520,17.5021474,32.6074029,73.1
E05000154,Fieldway,11827,7964.309764,31960,26140,13.46266335,28.54734263,58.5
E05000155,Heathfield,13318,1529.047072,47790,39060,5.040229846,67.46242684,74.3
E05000156,Kenley,15564,2409.287926,53770,43390,7.192594742,39.97209756,75
E05000157,New Addington,11070,4559.308072,34220,28150,11.61515561,36.30330238,64.4
E05000158,Norbury,18003,7144.047619,44110,36270,16.71686149,21.9924827,69.5
E05000159,Purley,15981,3829.618979,54360,43800,12.24528779,10.63427936,74.1
E05000160,Sanderstead,13008,2049.795147,57770,46160,6.465853227,51.29935064,74.9
E05000161,Selhurst,19288,8470.794906,37160,30670,21.06770256,20.32032815,64.7
E05000162,Selsdon and Ballards,11888,1855.760225,55460,44580,6.197317433,55.55178327,76.4
E05000163,Shirley,14444,5158.571429,47420,38790,13.64415761,21.19928596,72.3
E05000164,South Norwood,17710,7438.051239,40990,33810,16.22916828,24.29299056,68.7
E05000165,Thornton Heath,17406,10354.55086,40180,33160,21.9323215,14.1664206,66.8
E05000166,Upper Norwood,16913,6455.343511,44560,36620,14.65872845,25.82116788,69.7
E05000167,Waddon,18418,5054.335895,41300,34060,16.62651511,31.29502555,69.9
E05000168,West Thornton,19141,9696.555218,38590,31860,22.28523356,20.48003487,64.6
E05000169,Woodside,17080,7881.864329,40420,33360,16.31467234,32.12518014,69
E05000170,Acton Central,15804,8903.661972,45610,36060,17.62269213,17.2411461,69.4
E05000171,Cleveland,14901,6676.075269,52490,41000,14.26721228,34.82412268,68.6
E05000172,Dormers Wells,14229,6298.804781,36260,28740,9.973186644,41.97952513,61
E05000173,Ealing Broadway,15546,8371.567044,58450,45030,23.38051346,9.400712004,75.1
E05000174,Ealing Common,14071,6575.233645,55520,43070,16.31744455,19.0895074,74.6
E05000175,East Acton,19660,4602.059925,40890,32470,25.15870773,19.99411321,68.3
E05000176,Elthorne,16058,8029,48700,38320,18.5693613,33.69989692,73.1
E05000177,Greenford Broadway,18340,7272.006344,37770,29980,13.40890606,29.55119449,66.4
E05000178,Greenford Green,14546,4302.277433,44040,34890,18.9358091,25.3340103,72.6
E05000179,Hanger Hill,16022,4893.708002,57160,44180,14.91202396,27.53583895,71.9
E05000180,Hobbayne,14376,6510.869565,45040,35640,12.45656124,37.34719258,70.6
E05000181,Lady Margaret,13733,8923.326836,40220,31940,15.47300691,15.3277587,66.6
E05000182,Northfield,13671,8906.188925,62460,47640,20.74796049,19.15672142,78.6
E05000183,North Greenford,14897,4586.514778,45430,35920,8.169738587,51.07724872,72.3
E05000184,Northolt Mandeville,15533,5644.258721,39450,31330,13.27483485,37.01643014,67.3
E05000185,Northolt West End,14898,4198.985344,35340,27970,7.55829303,59.27632946,61.9
E05000186,Norwood Green,14473,3814.707433,36080,28590,12.89885782,44.58585815,57.3
E05000187,Perivale,15586,4631.79792,44840,35490,14.48926992,38.50314763,71.4
E05000188,South Acton,17417,10132.05352,42750,33900,23.10840348,17.29177324,68.1
E05000189,Southall Broadway,13584,8374.845869,34720,27440,19.17667447,29.69383722,59.1
E05000190,Southall Green,16290,10277.60252,33880,26720,25.27718932,11.82022618,59.7
E05000191,Southfield,13754,9584.66899,65120,49330,27.47928602,9.823162347,77.6
E05000192,Walpole,13394,9136.425648,59250,45560,22.51131608,18.09685061,77.3
E05000193,Bowes,15090,10161.61616,44470,35730,19.39016693,16.0750977,71.9
E05000194,Bush Hill Park,14623,5788.994458,51730,41130,14.39865287,27.04144959,73
E05000195,Chase,14619,862.7832861,44410,35680,2.458750885,84.54787486,69.5
E05000196,Cockfosters,15154,1456.135294,54140,42840,4.759227742,68.22532017,66.9
E05000197,Edmonton Green,19041,6085.330777,32180,25480,15.68462293,35.72696409,53.8
E05000198,Enfield Highway,16917,3646.691097,36230,29040,14.97964442,25.59617302,60.1
E05000199,Enfield Lock,18343,5642.263919,37220,29890,13.07902331,41.00305993,62
E05000200,Grange,13782,4194.15703,57560,45220,13.10129093,27.43339335,74.8
E05000201,Haselbury,17457,9714.524207,36380,29170,16.9788374,25.39848006,59.3
E05000202,Highlands,13950,2741.745283,54070,42790,8.088163577,57.20176811,72.9
E05000203,Jubilee,14984,3824.400204,37690,30280,8.771917774,29.32940428,62.2
E05000204,Lower Edmonton,17546,8067.126437,34700,27720,18.01116043,23.04902416,57.9
E05000205,Palmers Green,16326,8411.128284,46640,37390,18.86676353,16.56264705,70.2
E05000206,Ponders End,17157,4839.77433,35170,28130,14.89109697,17.98227445,58
E05000207,Southbury,16103,5622.555866,40720,32770,18.625355,31.1006498,65
E05000208,Southgate,16103,5984.02081,51490,40950,14.64700549,24.87509655,71.1
E05000209,Southgate Green,15299,5846.006878,52970,42010,14.38219786,20.21624503,70.4
E05000210,Town,15895,7118.226601,52350,41580,17.72114848,18.61456851,75.9
E05000211,Turkey Street,15469,6853.788214,35680,28570,13.33268364,32.06036873,60.9
E05000212,Upper Edmonton,19530,7367.031309,34990,27980,19.87641298,28.40743318,58.4
E05000213,Winchmore Hill,14311,5190.787087,57440,45130,14.37239989,25.02493571,75.1
E05000214,Abbey Wood,16531,6231.059178,38590,30790,11.8910094,41.23365047,63.6
E05000215,Blackheath Westcombe,13795,6452.291862,62130,48100,15.72371479,20.61680766,75.5
E05000216,Charlton,15540,7640.117994,46470,37040,14.44938875,33.98826406,67.7
E05000217,Coldharbour and New Eltham,13677,5365.633582,47210,37600,13.23901894,18.11127368,70.7
E05000218,Eltham North,12904,5060.392157,53470,42170,13.7839775,24.84975465,75.1
E05000219,Eltham South,12903,2788.631943,45600,36370,8.564671702,52.22309651,64.9
E05000220,Eltham West,13930,5741.962077,41570,33220,11.85996715,28.46849469,64
E05000221,Glyndon,19477,11430.16432,38730,30910,18.92634207,20.72659176,62.5
E05000222,Greenwich West,22360,7994.279585,52540,41510,14.50681837,39.43247416,68.6
E05000223,Kidbrooke with Hornfair,15029,6320.016821,43710,34910,12.44000404,28.84437259,67.3
E05000224,Middle Park and Sutcliffe,13632,4151.035323,43200,34520,10.48468833,36.24675042,65.6
E05000225,Peninsula,20854,4652.833556,51810,40980,20.9065685,14.22631618,74.2
E05000226,Plumstead,18144,7717.566993,39640,31660,13.97404327,37.56172299,63.9
E05000227,Shooters Hill,13779,3645.238095,47940,38150,8.384867561,56.48670853,69.5
E05000228,Thamesmead Moorings,20732,4309.291208,42190,33720,10.63862995,40.81753898,62.9
E05000229,Woolwich Common,21188,8087.022901,37050,29500,15.51963825,43.96797996,60.5
E05000230,Woolwich Riverside,21846,6837.558685,40710,32530,23.79291623,18.11813321,64.7
E05000231,Brownswood,14710,17491.08205,47530,39090,20.34251605,14.06187081,72
E05000232,Cazenove,14686,21470.76023,44940,37060,28.77837428,6.712084962,64.8
E05000233,Chatham,15429,16973.59736,38540,31750,29.36538782,14.84426184,63
E05000234,Clissold,13158,18743.58974,54520,44350,29.35877732,10.91330829,73.3
E05000235,Dalston,16705,18020.49622,45120,37200,30.04277438,12.0342195,70.4
E05000236,De Beauvoir,16689,18772.7784,46250,38090,26.75644487,11.14982578,71.1
E05000237,Hackney Central,14551,18655.12821,41670,34390,27.17050348,13.32207986,66.6
E05000238,Hackney Downs,13986,13738.70334,42200,34830,19.79924668,26.25569426,65.1
E05000239,Haggerston,17348,13956.55672,42530,35110,31.45670512,21.17916755,67.4
E05000240,Hoxton,17961,21407.62813,41270,34060,26.36207868,23.57261823,62.7
E05000241,King's Park,12461,6869.349504,37860,31160,9.08625516,58.2764217,57.6
E05000242,Leabridge,15570,14633.45865,41770,34480,24.31754118,21.69259152,65.6
E05000243,Lordship,13678,11484.46683,47270,38890,17.30404259,31.83772526,64.6
E05000244,New River,16107,16385.55443,41790,34500,20.1518536,19.53091379,58.2
E05000245,Queensbridge,14871,13769.44444,43240,35680,22.79497923,15.55675887,67.7
E05000246,Springfield,13481,14160.71429,39590,32650,19.72646925,29.72127025,53.8
E05000247,Stoke Newington Central,13276,18646.06742,50540,41400,32.57109725,6.696081343,73.4
E05000248,Victoria,14263,17740.04975,44150,36420,25.68004898,11.96411391,65.6
E05000249,Wick,12810,7849.264706,38910,32060,18.41405003,33.55355319,60.4
E05000250,Addison,11169,20197.10669,61570,43000,36.23949194,2.360412613,76.2
E05000251,Askew,14483,19081.68643,53330,37790,31.77652659,7.498780311,71.8
E05000252,Avonmore and Brook Green,11753,13131.84358,60720,42480,32.21899936,13.08985023,69.5
E05000253,College Park and Old Oak,9127,2653.197674,42340,30210,14.52389363,48.04504013,62.6
E05000254,Fulham Broadway,11745,17608.69565,58830,41310,34.06983537,7.473373579,72.4
E05000255,Fulham Reach,11516,13056.68934,58830,41310,28.36784409,18.43970767,71
E05000256,Hammersmith Broadway,12752,11550.72464,54860,38790,31.76519955,7.437523312,69.9
E05000257,Munster,10890,17479.93579,72100,49210,35.12261799,10.26453325,76.7
E05000258,North End,11097,17393.41693,54960,38850,32.25485471,10.08255725,72.7
E05000259,Palace Riverside,7326,4946.657664,77510,52240,10.69045441,19.082339,74.3
E05000260,Parsons Green and Walham,11041,12295.10022,81720,54530,32.46039914,11.63862538,73.7
E05000261,Ravenscourt Park,10715,8782.786885,64610,44840,24.44603101,12.7876503,72.2
E05000262,Sands End,14197,10310.09441,62320,43460,19.87513348,14.34130619,69.3
E05000263,Shepherd's Bush Green,11924,11175.25773,50280,35770,28.00036103,9.811814613,72
E05000264,Town,10930,16815.38462,68340,47040,37.44260426,6.510655816,76.4
E05000265,Wormholt and White City,13386,14807.52212,43850,31310,20.5972747,13.88206524,62.2
E05000266,Alexandra,12795,4896.670494,68010,50440,12.32789639,45.69577243,76.7
E05000267,Bounds Green,15195,10979.04624,43700,33860,20.88457592,16.39810974,69
E05000268,Bruce Grove,15524,16674.5435,38390,29690,30.82505852,5.518560877,61.8
E05000269,Crouch End,13742,9543.055556,68990,51050,20.61467132,18.94611909,80.9
E05000270,Fortis Green,14009,7025.57673,65680,48990,16.44360428,25.02835539,75.9
E05000271,Harringay,14818,9486.555698,47050,36370,18.20201046,29.64601208,71.8
E05000272,Highgate,13020,5210.084034,71630,52660,12.78748145,39.33415586,79
E05000273,Hornsey,13488,12784.83412,51340,39460,26.64393666,12.00750286,72.4
E05000274,Muswell Hill,12288,7438.256659,71870,52810,17.34556229,28.27634384,78.4
E05000275,Noel Park,15506,12606.50407,38720,29960,28.07873632,7.719370047,63.2
E05000276,Northumberland Park,16735,8887.413702,32270,24490,27.16234856,24.62227735,52.3
E05000277,St. Ann's,16063,14642.6618,40880,31680,27.20523618,17.16861955,65.6
E05000278,Seven Sisters,17885,13842.87926,42060,32610,24.30316943,19.37277844,63.7
E05000279,Stroud Green,12838,11724.20091,57820,43900,21.42985484,18.17390893,77.3
E05000280,Tottenham Green,17108,12570.16899,36640,28250,28.52207466,11.53759871,61.3
E05000281,Tottenham Hale,18723,9797.488226,34850,26740,21.21267612,27.92064082,56.3
E05000282,West Green,14615,10454.22031,39350,30470,19.10170109,33.09586186,63.3
E05000283,White Hart Lane,13822,8144.961697,34300,26270,15.97195997,29.31103663,54.8
E05000284,Woodside,16115,10800.93834,40550,31420,19.78888456,28.19189628,66.6
E05000285,Belmont,11661,6554.806071,53010,41680,14.31016332,15.45580958,71.8
E05000286,Canons,14645,2600.781389,49670,39340,7.583245535,59.16995232,71.9
E05000287,Edgware,13318,9506.067095,41250,33100,16.79748487,16.37758339,68.6
E05000288,Greenhill,16177,9259.87407,46250,36870,22.92112443,13.08007563,71.1
E05000289,Harrow on the Hill,13253,3707.132867,49190,39000,9.593370657,53.04093288,68.2
E05000290,Harrow Weald,11805,2572.455873,45490,36310,6.44513789,59.27147102,69.1
E05000291,Hatch End,10900,3322.157879,53060,41710,10.75248968,30.54636927,73.2
E05000292,Headstone North,10902,3308.649469,56080,43760,8.180450223,47.57132539,73.8
E05000293,Headstone South,12075,8259.233926,48580,38560,16.57011739,12.24235975,71.7
E05000294,Kenton East,11133,8690.866511,40280,32340,14.86062526,8.943669705,68.5
E05000295,Kenton West,11509,6520.679887,47600,37850,14.54316751,17.79275885,71.6
E05000296,Marlborough,13038,7921.020656,42260,33870,21.9675567,13.23961097,68.4
E05000297,Pinner,10388,3176.75841,54940,43000,10.64355605,33.04460317,71.8
E05000298,Pinner South,10802,4590.735232,63190,48410,11.97588781,22.08237078,75.2
E05000299,Queensbury,12388,7680.099194,43000,34440,14.61070872,22.01340937,68.1
E05000300,Rayners Lane,11437,7475.163399,50080,39630,15.89991559,12.34042832,71.5
E05000301,Roxbourne,13087,8689.907039,39310,31580,16.34125018,22.01859775,64.8
E05000302,Roxeth,11683,7413.071066,43160,34560,14.2602382,21.39927393,68.6
E05000303,Stanmore Park,12152,2727.109515,48850,38750,8.735545134,48.48163691,68.6
E05000304,Wealdstone,12544,10514.6689,39390,31640,19.852911,7.062241958,65.1
E05000305,West Harrow,10473,6885.601578,49930,39520,14.53360663,20.6426888,71.5
E05000306,Brooklands,19012,4525.589145,41760,34620,11.66899485,46.93735989,72.7
E05000307,Cranham,13130,2002.745577,50610,41390,6.418973038,58.90581871,75.6
E05000308,Elm Park,13384,3649.850014,41130,34110,8.584268385,50.95012586,73.4
E05000309,Emerson Park,12399,2672.774305,52880,43030,10.11266135,32.47431652,74.3
E05000310,Gooshays,16461,2120.989563,34710,28700,4.878267752,68.79601993,63
E05000311,Hacton,12539,5095.083299,47390,39000,14.78711683,21.03876135,75.7
E05000312,Harold Wood,14777,1945.365982,43850,36270,7.253037897,61.51956963,72.2
E05000313,Havering Park,13554,1384.756845,39740,32980,3.675670714,78.13785938,69.1
E05000314,Heaton,14287,4183.601757,34970,28930,9.773738288,52.13242855,64.3
E05000315,Hylands,13382,4611.30255,47630,39180,13.05772538,26.32654171,75.6
E05000316,Mawneys,13551,4444.408003,42330,35080,14.86164665,21.26924576,73.2
E05000317,Pettits,13610,3442.954718,47830,39330,10.89919108,31.17534421,74.9
E05000318,Rainham and Wennington,13151,778.1656805,40750,33800,3.215238201,78.95754491,72.4
E05000319,Romford Town,17522,6113.747383,44150,36510,22.09360983,9.963938539,74.4
E05000320,St. Andrew's,13806,5138.072199,45330,37420,14.90073996,16.04331214,76.1
E05000321,South Hornchurch,15480,2260.844165,39110,32460,9.182778424,44.62756757,70.5
E05000322,Squirrel's Heath,14184,5360.544218,49860,40840,14.75263501,14.92124527,77.3
E05000323,Upminster,13280,589.3316766,57950,46590,2.410775455,82.33458987,76.4
E05000324,Barnhill,14297,6747.050496,37770,31320,13.14223601,26.4288922,65
E05000325,Botwell,20411,4668.572736,36540,30280,15.31810654,34.33480541,64
E05000326,Brunel,14612,4458.956363,41180,34120,12.89511021,35.93262097,57.5
E05000327,Cavendish,12471,6195.230999,53000,43050,14.84977939,18.10059447,77.6
E05000328,Charville,13247,4455.768584,42090,34850,8.992761822,49.76569129,71
E05000329,Eastcote and East Ruislip,14543,3583.785116,58100,46610,10.22527572,36.18729899,76.8
E05000330,Harefield,7944,521.8076721,45340,37390,2.004810701,76.69329239,75.7
E05000331,Heathrow Villages,13835,588.0977683,39240,32550,6.242242121,51.99148874,71.7
E05000332,Hillingdon East,13844,3851.975515,44330,36610,7.939479838,53.15312583,72.4
E05000333,Ickenham,11077,1784.598034,60050,47940,5.794062198,52.73817339,76.6
E05000334,Manor,12263,6212.259372,52380,42610,15.16685704,20.10156515,80.5
E05000335,Northwood,11355,1533.216311,56750,45680,6.111512907,62.54334322,73.3
E05000336,Northwood Hills,12498,3755.408654,52130,42430,10.75780678,36.09997239,74.3
E05000337,Pinkwell,16290,5936.588921,37770,31320,13.06202444,34.54973196,66.8
E05000338,South Ruislip,13501,1821.751451,47710,39180,7.539118447,57.08128376,77.5
E05000339,Townfield,16335,4669.811321,36080,29890,14.5259344,33.57061932,63.2
E05000340,Uxbridge North,15155,3271.09864,50060,40920,10.53942573,40.85512591,74
E05000341,Uxbridge South,15578,4997.754251,40740,33770,18.00342546,27.54665444,56.8
E05000342,West Drayton,18714,5362.17765,38780,32170,10.68389655,33.25635571,69
E05000343,West Ruislip,12241,2788.382688,52460,42670,8.417765473,52.08455018,78.2
E05000344,Yeading,14895,6387.221269,39300,32600,10.62302859,36.43544104,66.1
E05000345,Yiewsley,14821,3693.246947,38360,31810,10.35539444,41.32381512,68.2
E05000346,Bedfont,13708,3082.527547,39200,31290,8.697517691,52.57126811,72.2
E05000347,Brentford,18388,5769.689363,43420,34580,12.5754559,43.59375494,68
E05000348,Chiswick Homefields,12229,5420.656028,67430,50990,15.53113356,33.79158203,76.1
E05000349,Chiswick Riverside,12261,5891.878904,63940,48790,13.09731071,25.06991777,77.4
E05000350,Cranford,13531,4969.151671,38040,30350,15.9974892,32.43843001,65.6
E05000351,Feltham North,11819,3492.612293,40420,32250,13.92992863,36.6087306,71.6
E05000352,Feltham West,16138,5071.653048,41790,33320,10.31279239,48.73122033,71.8
E05000353,Hanworth,12523,3852.045524,38210,30490,9.979285938,42.17835148,66.9
E05000354,Hanworth Park,12343,3390.002746,42270,33700,11.47576566,47.78592565,72.9
E05000355,Heston Central,13224,7848.071217,41510,33110,13.42427837,18.53589274,66.6
E05000356,Heston East,13212,6592.814371,42090,33560,12.44905022,31.81717681,67.5
E05000357,Heston West,13464,3515.4047,36540,29120,10.63869746,51.24291162,62.2
E05000358,Hounslow Central,17831,10271.31336,44420,35340,21.65041149,17.84652742,71.4
E05000359,Hounslow Heath,15627,5607.104413,40260,32130,10.62895385,52.5715383,67.6
E05000360,Hounslow South,12238,6825.432236,49860,39320,14.44475056,21.68652344,74.1
E05000361,Hounslow West,14978,9239.975324,39440,31480,19.63230385,12.90089266,69.6
E05000362,Isleworth,12856,6329.886755,43000,34260,16.51716749,23.76987093,70.6
E05000363,Osterley and Spring Grove,14236,2246.488875,53030,41550,8.664090949,56.85550857,75.3
E05000364,Syon,15535,5447.054698,45950,36480,13.13049548,34.16203214,73
E05000365,Turnham Green,12123,6864.665912,60250,46410,24.22143762,16.90770415,77
E05000366,Barnsbury,13845,16680.72289,61350,44080,27.83239927,14.87583341,68.1
E05000367,Bunhill,18243,16752.06612,52900,38440,37.89727505,12.04017622,59.8
E05000368,Caledonian,16138,14181.01933,48210,35130,30.66972402,14.94112166,61.7
E05000369,Canonbury,13393,16596.0347,54850,39780,22.04243078,13.25992883,69.2
E05000370,Clerkenwell,12672,13552.94118,58920,42500,36.08035772,11.7021734,62.6
E05000371,Finsbury Park,16620,18144.1048,45510,33150,29.54798251,6.868479595,65.4
E05000372,Highbury East,13775,13720.11952,65760,46870,24.31756637,16.12836275,74.5
E05000373,Highbury West,18710,17292.05176,59520,42890,30.41124561,10.78073274,74.5
E05000374,Hillrise,13329,16156.36364,52630,38260,24.34259226,17.85285231,65.7
E05000375,Holloway,17005,16853.32012,47580,34670,23.7337544,15.53807846,63.9
E05000376,Junction,13315,12952.33463,53270,38700,27.24019565,13.82868034,68.4
E05000377,Mildmay,14530,17590.79903,53090,38570,23.21147391,10.96734818,68.6
E05000378,St. George's,13616,16094.56265,55280,40070,23.87005987,8.866601474,67.8
E05000379,St. Mary's,13300,15304.94822,63190,45250,31.87512222,10.34359794,73
E05000380,St. Peter's,15191,18754.32099,59900,43140,30.55956567,8.779073354,70.4
E05000381,Tollington,14584,17218.41795,51270,37310,28.36098583,10.69086113,68.5
E05000382,Abingdon,10894,17319.55485,111310,53580,37.35081073,6.932843036,66.2
E05000383,Brompton,9076,9503.664921,135710,62740,42.91913755,11.06499963,69.2
E05000384,Campden,8413,9224.780702,139530,64110,27.69435363,24.00288137,71.6
E05000385,Colville,8118,20762.14834,85030,42660,35.7375257,7.964809079,69.9
E05000386,Courtfield,8530,17697.09544,129190,60370,41.32184631,11.09713663,64.8
E05000387,Cremorne,7872,12862.7451,85880,43030,29.97112717,8.886414674,63
E05000388,Earl's Court,9902,21572.98475,86590,43350,39.22593196,8.362739776,68.5
E05000389,Golborne,9270,9768.177028,57580,29390,17.63542005,32.4478322,59.3
E05000390,Hans Town,8687,15737.31884,118430,56330,42.0831227,5.586047519,69.1
E05000391,Holland,9848,9478.344562,111790,53770,21.94862573,22.00953237,66.4
E05000392,Norland,8578,11799.17469,107400,52030,25.24262607,12.17072176,67.4
E05000393,Notting Barns,9367,15035.313,70200,35800,26.40689129,9.848644615,61.8
E05000394,Pembridge,7515,15399.59016,113820,54560,32.03332305,10.16764373,74.8
E05000395,Queen's Gate,9709,16047.93388,134490,62300,45.65667954,5.649052412,66.3
E05000396,Redcliffe,9297,13396.2536,111340,53590,26.93914254,23.63520334,74.3
E05000397,Royal Hospital,7213,8005.54939,126110,59230,20.08936568,20.31327747,72.8
E05000398,St. Charles,9029,12734.8378,68910,35170,22.71966753,16.49935233,63.4
E05000399,Stanley,7982,12039.21569,112840,54170,36.46270035,8.186399891,73
E05000400,Alexandra,10219,3817.332835,52060,40640,9.138618055,41.72448823,75.1
E05000401,Berrylands,10679,7354.683196,53370,41540,16.49774853,10.60908115,74.8
E05000402,Beverley,11419,6073.93617,51230,40080,16.29049362,26.78348651,71.6
E05000403,Canbury,15841,12764.70588,58520,44960,24.53203874,10.42839086,74.9
E05000404,Chessington North and Hook,9309,4825.816485,46170,36480,13.67379878,30.11836279,76.4
E05000405,Chessington South,11100,1469.809322,47760,37630,4.239246626,74.78597638,78.5
E05000406,Coombe Hill,11333,2569.84127,58220,44770,8.84893877,43.34887089,64.5
E05000407,Coombe Vale,10474,6359.441409,56340,43540,15.55912674,10.75197089,72.4
E05000408,Grove,12668,6597.916667,52490,40940,23.72607007,21.00183753,66.8
E05000409,Norbiton,11391,8450.296736,43000,34140,18.00460186,25.6685904,68.2
E05000410,Old Malden,10239,5672.576177,52550,40980,14.82148332,20.87739346,74
E05000411,St. James,9677,4465.620674,52740,41110,11.65441878,27.38924669,71.9
E05000412,St. Mark's,12324,8956.395349,57230,44120,18.2710117,22.51389127,69.4
E05000413,Surbiton Hill,11584,6961.538462,54630,42390,17.17958659,7.996704388,78.2
E05000414,Tolworth and Hook Rise,10948,4218.882466,47100,37160,14.29354535,35.32081605,76.2
E05000415,Tudor,10375,6554.011371,62620,47600,16.75495987,15.61332874,76.9
E05000416,Bishop's,10299,6713.820078,50080,39600,29.47454511,12.59564171,66.2
E05000417,Brixton Hill,16990,15048.71568,48230,38250,29.92839502,8.052451094,75.3
E05000418,Clapham Common,14060,10469.09903,63410,48720,21.20922977,22.83966043,80.3
E05000419,Clapham Town,15371,13724.10714,56430,44070,27.70687414,15.24749079,80
E05000420,Coldharbour,18060,14950.33113,39600,31590,24.29987881,14.04960022,64.9
E05000421,Ferndale,17518,20536.92849,48920,38760,32.39617985,7.442381753,77
E05000422,Gipsy Hill,14911,9497.452229,44970,35810,18.68474524,24.24953036,69.7
E05000423,Herne Hill,16525,8132.38189,51700,40770,18.55487781,31.42417274,75.3
E05000424,Knight's Hill,15568,10568.90699,45540,36240,22.5211531,15.74745423,68.8
E05000425,Larkhall,19613,18520.30217,46020,36610,26.05617999,16.88204821,73.5
E05000426,Oval,17298,13567.05882,48620,38540,25.37352685,21.05886027,74.3
E05000427,Prince's,16270,14001.72117,46520,36980,27.44754261,17.67424853,71.1
E05000428,St. Leonard's,16316,11260.17943,49530,39200,25.38771224,7.56240154,75.6
E05000429,Stockwell,16000,18411.96778,43050,34330,25.57625038,13.16746589,71.2
E05000430,Streatham Hill,16008,12575.01964,48510,38450,23.65763439,10.73734069,74.6
E05000431,Streatham South,14698,8656.06596,45370,36110,17.5386195,23.03927288,70.4
E05000432,Streatham Wells,17018,11728.46313,47340,37590,21.50550427,16.37004948,74.2
E05000433,Thornton,14408,13303.78578,52010,40980,23.05533243,15.51948592,74.3
E05000434,Thurlow Park,14502,9572.277228,51820,40850,20.72539906,18.39798739,74
E05000435,Tulse Hill,16452,15988.33819,43790,34910,23.87015572,14.70358662,70.5
E05000436,Vassall,16841,14916.74048,42770,34110,24.53798314,18.62310571,67.6
E05000437,Bellingham,16127,5227.552674,36960,30680,10.90455914,45.44312753,64.9
E05000438,Blackheath,15444,6677.042802,53960,43980,14.03505725,35.34989948,74.1
E05000439,Brockley,19122,11341.63701,45060,37320,21.45321233,14.96003366,71.3
E05000440,Catford South,15782,8448.608137,46530,38460,21.0292666,3.558413147,70.2
E05000441,Crofton Park,15715,9131.319001,50670,41580,20.71626938,19.63665818,73.9
E05000442,Downham,15409,6449.979071,36330,30140,13.39836508,31.53716501,63.6
E05000443,Evelyn,22365,12607.10259,36010,29850,22.81623176,23.37952725,63.7
E05000444,Forest Hill,16608,9085.339168,48570,40010,17.73099018,14.68821259,73.6
E05000445,Grove Park,15601,6522.157191,42660,35420,12.88948465,22.00458803,69.3
E05000446,Ladywell,15246,9475.45059,47920,39520,18.18504983,24.92297906,70.5
E05000447,Lee Green,15888,8782.752902,51060,41860,20.49142192,12.75370747,75.1
E05000448,Lewisham Central,24123,11732.97665,42270,35100,22.81177011,14.43743539,69.6
E05000449,New Cross,18818,10356.63181,37140,30830,21.35350146,19.68016019,64.6
E05000450,Perry Vale,16652,9888.361045,46310,38290,20.04325969,12.32247483,72.9
E05000451,Rushey Green,17453,9799.550814,40960,34040,21.35911346,24.57785798,66.2
E05000452,Sydenham,16736,9590.830946,43670,36220,19.69852154,15.44773313,69.1
E05000453,Telegraph Hill,17760,11502.59067,43900,36410,19.8399744,18.33701392,70.6
E05000454,Whitefoot,15475,6958.183453,38610,32090,13.44329897,28.35738832,64.8
E05000455,Abbey,10797,7750.897344,61280,44560,28.98518524,15.25196563,80.3
E05000456,Cannon Hill,9607,4319.694245,56320,41420,10.79177589,40.13742945,75.9
E05000457,Colliers Wood,11287,10159.31593,51130,38000,23.06786975,13.66974737,76.7
E05000458,Cricket Green,12015,4009.009009,39120,29370,13.11049689,48.00185827,65.7
E05000459,Dundonald,9820,8531.711555,68570,48970,22.27592711,10.06012328,83.2
E05000460,Figge's Marsh,12104,10589.67629,40370,30320,18.95489472,23.71046506,66.3
E05000461,Graveney,10069,11390.27149,46790,35000,26.05261616,9.630280659,71.6
E05000462,Hillside,9378,7920.608108,71370,50610,23.95796523,10.87636933,79.8
E05000463,Lavender Fields,11181,9475.423729,43670,32770,18.45641575,18.97117034,72.6
E05000464,Longthornton,10800,7292.37002,45090,33790,15.08110687,32.7780807,69.9
E05000465,Lower Morden,9058,5009.955752,51140,38000,13.72996826,33.8927659,78.1
E05000466,Merton Park,9619,5293.891029,62770,45480,16.53170903,19.60896556,75.2
E05000467,Pollards Hill,10797,5000.926355,41850,31440,10.38356101,52.15969039,67.8
E05000468,Ravensbury,10070,5478.781284,42120,31630,12.21498371,33.99742444,69
E05000469,Raynes Park,10204,5506.745818,67320,48230,15.95841434,23.12535059,77.6
E05000470,St. Helier,11093,6022.258415,42290,31760,11.43372408,40.38582397,69.4
E05000471,Trinity,10211,9507.44879,64580,46580,23.07620182,15.70730701,80.7
E05000472,Village,8569,1378.095851,90070,60920,6.957942313,59.92649318,71.3
E05000473,West Barnes,10833,5552.53716,59270,43300,14.43462636,31.09338071,76.5
E05000474,Wimbledon Park,11907,5176.956522,70310,49990,18.18237145,23.7865623,78.4
E05000475,Beckton,16047,2565.057545,39060,33230,10.47109211,41.08785007,60.3
E05000476,Boleyn,17723,19348.25328,36300,30790,29.10271929,6.84146816,58.2
E05000477,Canning Town North,18051,7154.577883,33440,28170,20.57877175,25.07785811,59.5
E05000478,Canning Town South,20037,11027.51789,37320,31710,16.28780966,17.978124,64.4
E05000479,Custom House,14282,6922.927775,36710,31160,16.98051548,24.41058624,62.8
E05000480,East Ham Central,17243,16595.76516,37070,31490,29.40801237,10.99018992,58
E05000481,East Ham North,14585,16133.84956,36980,31400,25.37008563,11.97741888,56.3
E05000482,East Ham South,16577,9148.454746,36170,30680,14.97190532,36.73771511,59
E05000483,Forest Gate North,17023,13662.11878,39310,33450,23.11852621,13.74314895,64.7
E05000484,Forest Gate South,18947,15895.13423,39520,33630,28.62654906,3.339483239,62.1
E05000485,Green Street East,17549,23619.11171,36080,30600,32.33533749,1.534401611,55.4
E05000486,Green Street West,16548,20556.52174,35620,30180,32.45877813,5.856262216,54.3
E05000487,Little Ilford,18086,9523.959979,34200,28870,13.73442547,44.72563662,53
E05000488,Manor Park,16154,11965.92593,36160,30670,19.11710115,29.57188421,55.8
E05000489,Plaistow North,16885,17212.02854,35280,29870,24.09724958,11.66530307,58.4
E05000490,Plaistow South,18053,13025.25253,36490,30970,22.51078504,19.13460012,61.8
E05000491,Royal Docks,15428,3218.860839,44360,37690,12.58608796,15.04661823,71.9
E05000492,Stratford and New Town,31248,7375.029502,40920,34830,17.87278141,19.77366495,68.9
E05000493,Wall End,16094,11670.77592,37060,31480,18.16792234,29.80802666,57.1
E05000494,West Ham,16685,12498.12734,37030,31450,19.50984994,25.31987705,63.1
E05000495,Aldborough,15989,1856.595448,45000,36620,4.263607822,75.30474893,67.4
E05000496,Barkingside,13577,8891.290111,48050,38920,20.00652294,4.228172597,67.3
E05000497,Bridge,12583,4879.022877,47600,38580,11.04612507,36.87150418,73.2
E05000498,Chadwell,16091,10628.13738,44240,36030,19.26638557,9.667885354,68.4
E05000499,Church End,12833,8601.206434,55970,44580,19.6883103,12.68601215,79.3
E05000500,Clayhall,13826,5550.381373,50570,40760,15.16780194,24.8164635,67.8
E05000501,Clementswood,17658,13892.99764,36320,29630,25.18219916,7.046896827,56.5
E05000502,Cranbrook,13762,5719.866999,46390,37670,12.46201354,36.82283891,62.8
E05000503,Fairlop,13517,3760.99054,45270,36820,10.22516295,50.28754691,70.8
E05000504,Fullwell,13802,6316.704805,42980,35050,14.4547118,26.04711802,66.7
E05000505,Goodmayes,14316,8686.893204,40700,33250,15.4865392,23.0380707,61
E05000506,Hainault,13922,2467.564693,37810,30880,7.711456339,63.91945487,65.1
E05000507,Loxford,18736,14557.88656,34570,28120,20.17655667,19.57701931,53.5
E05000508,Mayfield,14904,7910.828025,43000,35070,15.81012058,15.31778211,63.5
E05000509,Monkhams,11334,3685.853659,60900,47920,11.73337959,35.02187361,76.2
E05000510,Newbury,18078,8539.442607,42810,34920,16.62792743,21.90216797,63.2
E05000511,Roding,13003,5547.354949,49860,40240,12.29213804,35.48688272,73.8
E05000512,Seven Kings,16634,7989.433237,41600,33960,17.91800682,24.1750276,60.1
E05000513,Snaresbrook,12955,6523.162135,55560,44290,17.03398237,18.66286008,78.1
E05000514,Valentines,15760,10492.67643,41860,34170,21.44680736,9.644259722,60.6
E05000515,Wanstead,12629,2429.588303,57140,45380,6.353593278,61.87767368,74.5
E05000516,Barnes,10340,3435.215947,78470,54420,10.53676571,31.5988863,72.3
E05000517,East Sheen,11112,1904.37018,79560,55020,5.584569805,73.8861289,78.2
E05000518,Fulwell and Hampton Hill,10922,5694.47341,66950,47800,15.43421224,31.1079361,79.6
E05000519,"Ham, Petersham & Richmond Riverside",10955,1159.750159,60410,43830,3.390130747,76.59173345,73.4
E05000520,Hampton,10524,1530.318453,63710,45860,5.302571882,60.02303984,77.2
E05000521,Hampton North,9756,5003.076923,52350,38650,14.528157,25.48379948,73.5
E05000522,Hampton Wick,11381,4144.573926,64010,46040,10.61932596,42.68926643,73.1
E05000523,Heathfield,10912,5707.112971,48820,36270,12.71303474,26.62663033,70.8
E05000524,Kew,11957,3344.615385,73150,51420,10.66450145,46.61674411,77.1
E05000525,Mortlake and Barnes Common,11573,5971.620227,69230,49150,16.41168961,35.6722919,77.9
E05000526,North Richmond,11988,4281.428571,70330,49790,11.1190351,52.05584699,78.4
E05000527,St. Margarets & North Twickenham,12454,6208.374875,73980,51890,17.53521657,19.68311362,80.8
E05000528,South Richmond,11459,4256.686478,73630,51690,13.65530139,46.25971175,76
E05000529,South Twickenham,10527,6095.541401,71400,50410,18.25332296,23.23600113,76.8
E05000530,Teddington,10998,2560.055866,70160,49690,9.130779893,62.08010994,79.9
E05000531,Twickenham Riverside,11093,5653.924567,71430,50430,16.1183606,25.15877392,80.7
E05000532,West Twickenham,11152,4540.716612,60900,44130,10.47499073,44.50423786,79.5
E05000533,Whitton,10316,6356.130622,56540,41390,15.21257575,19.17605922,76.5
E05000534,Brunswick Park,13845,14807.48663,45770,35500,27.70236464,13.06532663,66.8
E05000535,Camberwell Green,16678,17105.64103,40080,31100,27.65417244,11.26213394,64.6
E05000536,Cathedrals,19322,10959.72774,51270,39520,33.14889305,11.93723708,62.9
E05000537,Chaucer,16319,19828.67558,47860,37060,26.78987802,21.67734335,66.4
E05000538,College,12693,3924.860853,54380,41690,9.596411723,48.01024691,71.1
E05000539,East Dulwich,13496,13244.35721,62980,47440,29.76781772,2.618456323,79.2
E05000540,East Walworth,14162,12379.37063,39200,30380,21.43797782,26.4801803,62.5
E05000541,Faraday,14152,16136.8301,38720,29990,19.21337019,34.95738993,62.3
E05000542,Grange,18471,15328.63071,48620,37610,32.9812598,14.45780119,69.1
E05000543,Livesey,15274,10636.49025,36600,28240,27.54509346,12.96493388,60.3
E05000544,Newington,15324,18418.26923,42950,33360,25.61991418,18.9441927,66.3
E05000545,Nunhead,14801,11195.91528,42100,32700,20.23012154,29.16904789,65
E05000546,Peckham,15580,17866.97248,38000,29410,24.50635097,15.09236747,61.2
E05000547,Peckham Rye,14753,6548.158012,54580,41830,12.21216099,47.28947427,74.9
E05000548,Riverside,16951,12725.97598,55240,42290,23.79460962,9.607043886,74.9
E05000549,Rotherhithe,16107,10795.57641,46850,36310,16.47195246,29.69850703,69.3
E05000550,South Bermondsey,15011,15427.54368,39380,30530,24.27845593,18.04018299,64.8
E05000551,South Camberwell,13336,10019.53418,52260,40210,17.33606433,28.45406173,70.7
E05000552,Surrey Docks,15996,8414.518674,58800,44690,17.48599956,19.86575098,77.7
E05000553,The Lane,17043,12261.15108,47810,37020,27.80440967,10.30938834,68.9
E05000554,Village,12991,4659.612626,78750,57120,13.47451469,30.66327316,77.2
E05000555,Beddington North,10769,2162.449799,47250,38560,11.33002068,42.66036143,77.2
E05000556,Beddington South,11313,3695.851029,42690,35100,10.05652276,39.66117364,69.1
E05000557,Belmont,10693,4575.524176,53960,43370,13.84376488,14.69481776,76.2
E05000558,Carshalton Central,11066,5459.299457,51120,41370,15.12867556,23.15267516,78.6
E05000559,Carshalton South and Clockhouse,10720,1519.274376,54110,43470,4.691542444,67.08848897,76.5
E05000560,Cheam,11157,2833.164043,56790,45310,10.58272989,24.03459602,76.4
E05000561,Nonsuch,11125,5836.83106,51740,41810,16.35194056,9.431814008,79.1
E05000562,St. Helier,12326,8217.333333,36740,30310,15.1920607,23.00358831,69.6
E05000563,Stonecot,11092,5599.192327,47160,38490,15.04067508,21.30028736,77.9
E05000564,Sutton Central,13099,9999.236641,42570,35010,29.05484603,11.41521928,75.6
E05000565,Sutton North,11412,6086.4,45620,37340,14.11171326,24.78134893,75.6
E05000566,Sutton South,10485,8242.924528,48850,39730,18.66417613,13.11205071,78.1
E05000567,Sutton West,11357,6383.923553,50430,40870,15.56728084,23.65098363,79.3
E05000568,The Wrythe,11387,7683.535762,43850,36000,16.03075457,16.2877136,77.5
E05000569,Wallington North,11852,7329.622758,46450,37960,16.3759702,20.06615421,76.8
E05000570,Wallington South,11068,6438.627109,45420,37190,17.99064742,11.21496413,74.2
E05000571,Wandle Valley,13461,6550.364964,38360,31650,14.3705868,39.19795471,72
E05000572,Worcester Park,12996,6640.776699,48970,39820,13.96838717,25.52462045,78.9
E05000573,Bethnal Green North,15604,18959.90279,45900,35190,29.80454422,13.00125545,64.6
E05000574,Bethnal Green South,15350,17423.38252,42010,32060,23.11148963,18.78368838,55.9
E05000575,Blackwall and Cubitt Town,29510,9946.073475,55810,42610,5.995043941,6.319341967,70.8
E05000576,Bow East,18381,9892.895587,46940,36000,19.93701286,31.52577342,68.9
E05000577,Bow West,14394,10685.96882,52250,40020,16.22419773,38.10785843,66.3
E05000578,Bromley-by-Bow,20912,19471.13594,40540,30830,23.27843546,14.45974724,55.1
E05000579,East India and Lansbury,19505,15935.45752,38240,28880,22.14265715,22.24362183,52.9
E05000580,Limehouse,19839,17372.15412,46350,35540,21.82225639,14.08465231,64
E05000581,Mile End and Globe Town,16456,18284.44444,43630,33380,25.03265659,17.0987668,55.4
E05000582,Mile End East,18017,16838.31776,41470,31610,13.54224791,25.15158955,56.1
E05000583,Millwall,31037,12626.93247,61050,46280,24.77896315,8.44482394,73.6
E05000584,St. Dunstan's and Stepney Green,19304,18962.67191,41830,31910,23.32955162,15.94929216,55.4
E05000585,St. Katherine's and Wapping,15247,10124.16999,66260,49770,27.4248588,14.04400888,76.5
E05000586,Shadwell,16336,16963.65524,46290,35490,22.95234835,11.92884713,60.7
E05000587,Spitalfields and Banglatown,12146,19037.61755,50540,38750,41.36691207,5.987828225,60.9
E05000588,Weavers,15614,20043.6457,47730,36620,26.6212527,23.53198723,67
E05000589,Whitechapel,19553,21299.56427,47650,36550,34.51364012,8.930199038,65
E05000590,Cann Hall,14276,16600,38050,31970,29.29041835,7.100528976,63.8
E05000591,Cathall,13616,12881.74078,36060,30260,20.84316262,22.72467849,62.7
E05000592,Chapel End,15714,8530.944625,42580,35730,17.05650802,32.10362515,68.9
E05000593,Chingford Green,10886,2920.064378,46170,38570,8.241348508,57.585092,73.4
E05000594,Endlebury,11512,5876.467586,45390,37960,14.40317508,21.41880086,70.4
E05000595,Forest,13131,6615.11335,42150,35380,16.33490528,38.84340593,65.2
E05000596,Grove Green,15980,17795.10022,42310,35510,29.73687145,4.245735311,70.3
E05000597,Hale End and Highams Park,12865,5474.468085,46400,38740,12.47136493,42.65293874,71.1
E05000598,Hatch Lane,11627,4808.519438,42100,35340,11.49833081,37.39146097,69.9
E05000599,High Street,15869,5184.253512,40600,34110,10.92101887,30.51726293,69.4
E05000600,Higham Hill,16175,5020.173805,36450,30590,11.04774667,27.97459522,62.6
E05000601,Hoe Street,15204,13859.61714,40580,34090,25.96857009,14.5589837,66.1
E05000602,Larkswood,12197,5895.118415,41210,34620,14.62423242,32.74556391,69.6
E05000603,Lea Bridge,17191,6499.432892,36690,30800,18.35572702,37.34468538,62.8
E05000604,Leyton,15826,7773.084479,36120,30310,16.50707672,27.95118077,61.5
E05000605,Leytonstone,13472,10283.96947,45350,37920,23.41732822,9.008218242,70.3
E05000606,Markhouse,15520,10674.00275,39250,32990,18.75180982,31.73839302,64.2
E05000607,Valley,12187,6151.943463,40020,33640,18.24637993,20.58546233,68.1
E05000608,William Morris,15549,15564.56456,40910,34370,29.13255628,5.429258346,68.1
E05000609,Wood Street,14728,7982.655827,40820,34300,15.76001172,38.48469562,66.2
E05000610,Balham,15209,12590.23179,74530,52340,28.32964016,11.42181505,83
E05000611,Bedford,14215,7879.711752,63020,45490,16.15384615,38.69955642,80
E05000612,Earlsfield,16535,11718.63926,59750,43440,25.10319357,16.03845318,79
E05000613,East Putney,16180,10055.93536,67390,48150,21.50413926,11.67183553,81.7
E05000614,Fairfield,15578,10706.52921,66750,47770,27.58929286,6.546081591,83.9
E05000615,Furzedown,15457,10939.13659,50630,37440,21.11166246,15.11083317,70.6
E05000616,Graveney,16091,15963.29365,50330,37230,30.55100178,4.066987994,72.6
E05000617,Latchmere,15563,14343.7788,45930,34140,17.69509638,15.57895056,70.6
E05000618,Nightingale,14855,12067.42486,70120,49780,28.8975918,8.814164534,81.3
E05000619,Northcote,15775,9395.473496,78870,54800,21.39726311,33.63851349,83.9
E05000620,Queenstown,21066,6566.708229,52710,38850,19.2500653,29.74569113,75.4
E05000621,Roehampton,15965,3608.725136,39920,29680,7.021079086,66.54674304,59.8
E05000622,St. Mary's Park,19006,13614.61318,60420,43860,24.83585384,9.550467447,77.4
E05000623,Shaftesbury,14259,15041.13924,69590,49460,34.29684364,6.358299969,83
E05000624,Southfields,17799,11694.48095,65860,47230,28.09716333,16.358676,80.9
E05000625,Thamesfield,17018,8858.927642,78300,54490,22.24751644,21.36847977,83.4
E05000626,Tooting,16880,10523.69077,47810,35480,23.31094825,26.83644284,67.7
E05000627,Wandsworth Common,14861,5384.42029,71020,50310,13.87419983,40.20720114,71
E05000628,West Hill,16729,9910.545024,53680,39500,17.21450336,24.04834452,73.1
E05000629,West Putney,15360,8320.693391,58190,42450,19.25218127,18.27820463,72.6
E05000630,Abbey Road,13074,11939.72603,88290,51240,24.42310501,7.70227837,67.9
E05000631,Bayswater,11556,22308.88031,83690,48970,32.41712543,4.964553052,73.9
E05000632,Bryanston and Dorset Square,13820,19114.79945,86790,50510,47.19997783,3.568954529,66.6
E05000633,Churchill,11897,19535.30378,63740,38400,25.80542659,9.60509824,63.4
E05000634,Church Street,12815,28862.61261,43710,25990,30.35238245,11.8125406,48.7
E05000635,Harrow Road,13642,27559.59596,56890,34410,32.28874087,3.9262499,63.4
E05000636,Hyde Park,15414,16072.9927,78110,46150,37.69959433,12.90269031,62.4
E05000637,Knightsbridge and Belgravia,10190,2836.070136,169240,85200,13.50285695,51.83140085,56.5
E05000638,Lancaster Gate,14991,23795.2381,82560,48410,41.48542707,9.099386736,71.2
E05000639,Little Venice,12338,19399.37107,81950,48100,24.69795465,18.61899477,69.4
E05000640,Maida Vale,11699,18109.90712,75830,44960,20.9420761,25.0564998,70.4
E05000641,Marylebone High Street,12056,12043.95604,100590,57060,47.62571229,7.302809157,71.4
E05000642,Queen's Park,13844,23746.14065,52190,31530,33.99400941,4.789045785,59
E05000643,Regent's Park,13575,6017.287234,77560,45860,13.68679335,46.91788983,62.4
E05000644,St. James's,14566,4200.11534,88610,51400,33.48232188,20.16906834,67.7
E05000645,Tachbrook,9233,20795.04505,78690,46440,17.9437364,6.731426795,75.2
E05000646,Vincent Square,11967,17444.60641,76980,45560,29.81471595,9.050663403,69
E05000647,Warwick,10447,18200.34843,84550,49400,41.55743493,4.864185197,73.8
E05000648,Westbourne,13907,20633.53116,52740,31880,23.00922298,19.21604678,59
E05000649,West End,13343,6684.869739,93530,53760,56.21043451,3.465974307,71.3
